{"cameraMode":{"drawMode":0,"name":"Shaded","section":"Shading Mode"},"sceneLighting":true,"audioPlay":false,"sceneViewState":{"showFog":true,"showMaterialUpdate":false,"showSkybox":true,"showFlares":true,"showImageEffects":true,"showParticleSystems":true},"in2DMode":false,"pivot":{"x":109.69302368164063,"y":125.13746643066406,"z":-178.0740966796875},"rotation":{"x":0.3181536793708801,"y":0.21006636321544648,"z":-0.0725383460521698,"w":0.9216392040252686},"size":3.777021646499634,"orthographic":false}