{"cameraMode":{"drawMode":0,"name":"Shaded","section":"Shading Mode"},"sceneLighting":true,"audioPlay":false,"sceneViewState":{"showFog":true,"showMaterialUpdate":false,"showSkybox":true,"showFlares":true,"showImageEffects":true,"showParticleSystems":true},"in2DMode":false,"pivot":{"x":-0.4395871162414551,"y":-0.30508953332901,"z":-3.8856682777404787},"rotation":{"x":-0.013896171003580094,"y":0.9411810040473938,"z":-0.03899605572223663,"w":-0.3353670835494995},"size":10.0,"orthographic":false}