{"cameraMode":{"drawMode":0,"name":"Shaded","section":"Shading Mode"},"sceneLighting":true,"audioPlay":false,"sceneViewState":{"showFog":true,"showMaterialUpdate":false,"showSkybox":true,"showFlares":true,"showImageEffects":true,"showParticleSystems":true},"in2DMode":false,"pivot":{"x":-16.456274032592775,"y":5.014612197875977,"z":-25.848045349121095},"rotation":{"x":-0.007499879226088524,"y":-0.7200140953063965,"z":-0.007344758603721857,"w":0.6940531730651856},"size":35.427005767822269,"orthographic":false}