{"cameraMode":{"drawMode":0,"name":"Shaded","section":"Shading Mode"},"sceneLighting":true,"audioPlay":false,"sceneViewState":{"showFog":true,"showMaterialUpdate":false,"showSkybox":true,"showFlares":true,"showImageEffects":true,"showParticleSystems":true},"in2DMode":false,"pivot":{"x":9.333479881286621,"y":1.2194641828536988,"z":-4.557161331176758},"rotation":{"x":0.24491477012634278,"y":-0.2569393217563629,"z":0.0673840343952179,"w":0.9325260519981384},"size":20.005186080932618,"orthographic":false}