{"cameraMode":{"drawMode":0,"name":"Shaded","section":"Shading Mode"},"sceneLighting":true,"audioPlay":false,"sceneViewState":{"showFog":true,"showMaterialUpdate":false,"showSkybox":true,"showFlares":true,"showImageEffects":true,"showParticleSystems":true},"in2DMode":false,"pivot":{"x":-0.00008524044824298471,"y":0.46306905150413515,"z":-0.00016814917034935206},"rotation":{"x":0.013117031194269658,"y":0.9816845655441284,"z":0.07345903664827347,"w":-0.17529179155826569},"size":1.5281280279159547,"orthographic":false}