{"cameraMode":{"drawMode":0,"name":"Shaded","section":"Shading Mode"},"sceneLighting":true,"audioPlay":false,"sceneViewState":{"showFog":true,"showMaterialUpdate":false,"showSkybox":true,"showFlares":true,"showImageEffects":true,"showParticleSystems":true},"in2DMode":false,"pivot":{"x":6.850345611572266,"y":2.1043334007263185,"z":-0.04711341857910156},"rotation":{"x":-0.024873221293091775,"y":0.9659460186958313,"z":-0.23670019209384919,"w":-0.10150481015443802},"size":4.041658401489258,"orthographic":false}